name,email,phone_number,gender,address
Rahim Karim,rahim.karim@yahoo.com,+8801950784726,Male,"Rajshahi, New Road"
Rahim Khan,rahim.khan@yahoo.com,+8801667940715,Male,"Rajshahi, Old Avenue"
Ayesha Karim,ayesha.karim@gmail.com,+9101811107295,Female,"Sylhet, Main Street"
Nur Karim,nur.karim@bdmail.com,01752221385,Male,"Barisal, Old Avenue"
Ali Ali,ali.ali@gmail.com,01826883138,Female,"Barisal, Lake Road"
Fatima Haque,fatima.haque@yahoo.com,+9201937211755,Male,"Khulna, Park View"
Ali Haque,ali.haque@outlook.com,01655861094,Male,"Mymensingh, Lake Road"
Abdul Ahmed,abdul.ahmed@hotmail.com,01625809258,Female,"Dhaka, Main Street"
Ali Islam,ali.islam@outlook.com,01973881781,Female,"Dhaka, Park View"
Abdul Ali,abdul.ali@bdmail.com,01686257888,Female,"Sylhet, Main Street"
Rahim Ahmed,rahim.ahmed@bdmail.com,01695882476,Female,"Mymensingh, Park View"
Ali Islam,fatima.haque@yahoo.com,01828399053,Female,"Dhaka, Main Street"
Fatima Akter,fatima.akter@gmail.com,01648730888,Female,"Sylhet, Park View"
Abdul Islam,abdul.islam@gmail.com,01964248994,Male,"Chittagong, Old Avenue"
Mohammed Akter,mohammed.akter@hotmail.com,01585595838,Female,"Mymensingh, Main Street"
Abdul Khan,abdul.khan@outlook.com,01693800613,Male,"Barisal, New Road"
Fatima Ahmed,fatima.ahmed@outlook.com,01864760520,Female,"Dhaka, Park View"
Ali Ahmed,ali.ahmed@gmail.com,01580532652,Male,"Rangpur, New Road"
Ayesha Rahman,ayesha.siddique@bdmail.com,01514043156,Male,"Rajshahi, Park View"
Sadia Ali,sadia.ali@yahoo.com,+8801514043156,Male,"Rajshahi, Old Avenue"